{
  "HitboxSize": {
    "X": 128.819778,
    "Y": 84.670364,
    "Z": 29.394402
  },
  "HitboxOffset": {
    "X": 9.008572,
    "Y": 0,
    "Z": 12.0942
  },
  "GroundRotation": {
    "yaw": 0.0003448132722209148,
    "pitch": 0.344691764258277,
    "roll": 0.0003448132722209148,
    "degrees": true
  },
  "GroundLocation": {
    "X": 0.12,
    "Y": 0,
    "Z": 18.639999
  },
  "Wheels": {
    "FrontLeft": {
      "Radius": 12.5,
      "LocationOffset": {
        "X": 49.970001,
        "Y": -27.799904,
        "Z": -7.83
      },
      "GroundSuspensionDistance": -1.986
    },
    "FrontRight": {
      "Radius": 12.5,
      "LocationOffset": {
        "X": 49.970001,
        "Y": 27.799904,
        "Z": -7.83
      },
      "GroundSuspensionDistance": -1.985699
    },
    "BackLeft": {
      "Radius": 17,
      "LocationOffset": {
        "X": -35.43,
        "Y": -20.280005,
        "Z": -3.83
      },
      "GroundSuspensionDistance": -1.972257
    },
    "BackRight": {
      "Radius": 17,
      "LocationOffset": {
        "X": -35.43,
        "Y": 20.280005,
        "Z": -3.83
      },
      "GroundSuspensionDistance": -1.972036
    }
  },
  "Cars": [
    "Artemis",
    "Artemis G1",
    "Artemis GXT",
    "Centio V17",
    "Mantis",
    "Paladin",
    "Twin Mill III"
  ]
}