{
  "HitboxSize": {
    "X": 128.819778,
    "Y": 84.670364,
    "Z": 29.394402
  },
  "HitboxOffset": {
    "X": 9.008572,
    "Y": 0,
    "Z": 12.0942
  },
  "GroundRotation": {
    "yaw": 0.0003448132722209148,
    "pitch": 0.344691764258277,
    "roll": 0.0003448132722209148,
    "degrees": true
  },
  "GroundLocation": {
    "X": 0.12,
    "Y": 0,
    "Z": 18.639999
  },
  "Wheels": {
    "FrontLeft": {
      "Radius": 12.5,
      "LocationOffset": {
        "X": 49.969997,
        "Y": -27.799999,
        "Z": -7.83
      },
      "GroundSuspensionDistance": -1.983196
    },
    "FrontRight": {
      "Radius": 12.5,
      "LocationOffset": {
        "X": 49.969997,
        "Y": 27.799999,
        "Z": -7.83
      },
      "GroundSuspensionDistance": -1.982895
    },
    "BackLeft": {
      "Radius": 17,
      "LocationOffset": {
        "X": -35.43,
        "Y": -20.279999,
        "Z": -3.83
      },
      "GroundSuspensionDistance": -1.969747
    },
    "BackRight": {
      "Radius": 17,
      "LocationOffset": {
        "X": -35.43,
        "Y": 20.279999,
        "Z": -3.83
      },
      "GroundSuspensionDistance": -1.969527
    }
  },
  "Cars": [
    "Batmobile"
  ]
}